3081443	yor	Mo ní ológbò méjì.
3143475	yor	Ẹṣin jẹ́ funfun.
3143477	yor	Ẹṣin kìí ṣe funfun.
3143483	yor	Ẹṣin yìí jẹ́ funfun.
3143485	yor	Ẹṣin náà jẹ́ funfun.
3143486	yor	Ẹṣin yìí kìí ṣe funfun.
3143487	yor	Ẹṣin náà kìí ṣe funfun.
3143489	yor	Onísègùn ni mí.
3143491	yor	Onísègùn ni ẹ́.
3143493	yor	Onísègùn ni.
3143498	yor	Onísègùn ni wá.
3143500	yor	Onísègùn ni yín.
3143503	yor	Onísègùn ni wọ́n.
3154934	yor	Ìyàwó mi lọ sí oko.
3154939	yor	Owó rẹ̀ wà ní bánkì.
3154998	yor	Ó yà mí l'ẹ́nu.
3179086	yor	Agogo mejila ọsan.
3180913	yor	Mo fẹ́ rà ìwé.
3197736	yor	Ìwé kìí ṣe titun.
3348007	yor	Bawo ni?
3352025	yor	Ẹ̀gbẹ́ táa máa fi sùn lálẹ́, kò yẹ ká fi gbọgbẹ́ lọ́ọ̀sán.
3352030	yor	Ẹni tó bá ńjẹ nínú ọlà ẹnìkan nií pèé ní anímáṣaun.
3633484	yor	Mi ò fẹ́ lọ sí ilé-ẹ́kọ́.
3713961	yor	Ta ni Emily?
3713991	yor	Àwọn erékùṣù wà ní òkun.
3714005	yor	Mo ní àwọn arákunrin.
3808207	yor	Mo nifẹẹ rẹ.
3987395	yor	oji igbesi ayemi, Charles
4266589	yor	Burj Khalifa je agbar tó ga ju ni gbògbó ayè.
4535812	yor	Jack lorúkọ mi.
4536795	yor	Ṣé o lọ sọjà ni àna?
4536797	yor	Bẹ́ẹ̀ni.
4536800	yor	Mo lọ sí odò.
4641859	yor	Gidi gan?
5975778	yor	Mo nlọ s'étí òkun.
5978173	yor	Omi ni ayé.
8580237	yor	Èmi yóò dìde nísinsin yìí, èmi yóò sì rìn lọ káàkiri ìlú, ní àwọn òpópónà àti ní àwọn gbangba òde; Èmi yóò wá ẹni tí ọkàn mi fẹ́.
8773821	yor	A fẹ́ àwọn ọ̀rọ̀ ní gbólóhùn pípé.
10726770	yor	kò sí wahála.
10739589	yor	Tom ko fó nkan kan
10739593	yor	Kaabo padà sí ilé
10963734	yor	Ẹ káǎrọ̀.
10963735	yor	Káǎrọ̀.
10963805	yor	Ẹ rọra.
10963865	yor	Orúkọ mi ni Jack.
10963871	yor	Ẹ ṣé!
11207156	yor	Kí l'o fẹ́?
11207157	yor	Ìwọ ta ni?
11207158	yor	Ó fẹ́ lọ.
11207159	yor	Ó wá láti Èkó.
11207161	yor	Kí ló dé?
11207162	yor	Amẹ́ríkà ni wá.
11207164	yor	Ẹ káàárọ̀!
11207165	yor	Mo rà fìlà.
11207166	yor	Mo fẹ́ ṣòkòtò.
11207168	yor	Mo lọ s'ọ́jà.
11207169	yor	Ó jẹun.
11207171	yor	A lọ s'ọ́jà.
11207172	yor	Ọmọ Èkó ni mí.
11864625	yor	Ó dáhùn ìbéèré náà.
11982199	yor	Ta l'ó ńmu ọtí bíà?
11984165	yor	Ó jẹ́ ọmọ ilẹ̀ Potogí.
11984166	yor	Ta nìyí?
11984167	yor	Níbo lò ńlọ?
11984170	yor	Mo mu tíì.
11984171	yor	A dúpẹ́.
11984172	yor	Ó wá nìbẹ́.
11984173	yor	Wọ́n wá lọ̀já.
11984174	yor	Mo kàwé náà.
11984175	yor	Mo ń kàwé náà.
11984176	yor	Mo ń kàwé.
11984178	yor	Ó lọ sọ́jà.
11984181	yor	N kò lọ síléèwé lánà.
11984182	yor	N kò fẹ́ lọ síléèwé.
11984183	yor	Ṣ'o fẹ́ jẹun adìẹ?
11984188	yor	Mo ràwé náà.
11984192	yor	A fẹ́ ìwé márùn.
11984193	yor	Ẹyẹ mi ńkọrin.
11984195	yor	Mo lọ sódò.
11984196	yor	Mo lọ síléèwé.
11984198	yor	Lọ́jọ́ jímọ̀ ni mo lọ síléèwé.
11984199	yor	Mo lọ sí mọ́ṣálásí lọ́jọ́ jímọ̀.
11984202	yor	Lọ́jọ́ jímọ̀ la lọ sí mọ́ṣálásí.
11984204	yor	Ṣ'o tàwé náà?
11984209	yor	Àpótí ni.
11984215	yor	Mo wá síléèwé wọkọ̀ kẹ̀kẹ́.
11984218	yor	Mo ń kọ́ èdè Yorùbá.
11984222	yor	Mo ńṣe iṣẹ́ àṣetiléwá mi.
11984225	yor	Ṣ'ẹ́ tọ̀bẹ náà?
11984227	yor	Mo fẹ́ ràwé.
11984234	yor	Mo gbàwé kan.
11984244	yor	Orí ńfọ́ mi.
11984248	yor	Orí ńfọ́.
11984250	yor	Orí ńfọ́ wa.
11984417	yor	Ó lọ lánà.
11984421	yor	Kẹ̀kẹ́ mi ni.
11984426	yor	Mo wá níbí.
11984435	yor	Ọ̀rẹ́ rẹ̀ ni mi.
11984437	yor	Kọ̀ǹpútà mi ni.
11984442	yor	N kò rí ẹ.
11984454	yor	N kò gbọ́ èdè Gẹ̀ẹ́sì.
11984456	yor	Mo lọ sílé ìtajà oúnjẹ.
11984457	yor	Ó fẹ́ kẹ̀kẹ́.
11984459	yor	N kò mọ̀ èdè Yorùbá.
11984680	yor	Wọn kò dára púpọ̀.
11984681	yor	N kò fẹ́ ọ̀gẹ̀dẹ̀.
11984682	yor	Mo ń lọ Àpápá.
11984683	yor	A ragbọ̀n yìí.
11984684	yor	Mo ní ẹja méjì.
11984687	yor	A ní ọmọ mẹ́sàn.
11984688	yor	Ọmọ wa ni.
11984689	yor	Mo ní ọmọ mẹ́ta.
11984690	yor	Gbọ́njú mọ̀ wá púpọ̀.
11984695	yor	Ilé wà dáadáa.
11984710	yor	Ṣé mo ní láti lọ síbẹ̀?
